,Season,T1_TeamName,T2_TeamName,City,State
0,2003,texas southern,unc asheville,Dayton,OH
1,2003,dayton,tulsa,Spokane, WA
2,2003,missouri,southern illinois,Indianapolis, IN
3,2003,marquette,holy cross,Indianapolis, IN
4,2003,indiana,alabama,Boston, MA
5,2003,pitt,wagner,Boston, MA
6,2003,kentucky,utah,Nashville, TN
7,2003,wisconsin,tulsa,Spokane, WA
8,2003,missouri,marquette,Indianapolis, IN
9,2003,indiana,pitt,Boston, MA
10,2003,kentucky,wisconsin,Minneapolis, MN
11,2003,marquette,pitt,Minneapolis, MN
12,2003,kentucky,marquette,Minneapolis, MN
13,2003,arizona,vermont,Salt Lake City, UT
14,2003,notre dame,milwaukee,Indianapolis, IN
15,2003,illinois,western kentucky,Indianapolis, IN
16,2003,creighton,central michigan,Salt Lake City, UT
17,2003,duke,colorado state,Salt Lake City, UT
18,2003,memphis,arizona state,Oklahoma City, OK
19,2003,kansas,utah state,Oklahoma City, OK
20,2003,arizona,gonzaga,Salt Lake City, UT
21,2003,notre dame,illinois,Indianapolis, IN
22,2003,central michigan,duke,Salt Lake City, UT
23,2003,arizona state,kansas,Oklahoma City, OK
24,2003,arizona,notre dame,Anaheim, CA
25,2003,duke,kansas,Anaheim, CA
26,2003,arizona,kansas,Anaheim, CA
27,2003,syracuse,texas,New Orleans, LA
28,2003,marquette,kansas,New Orleans, LA
29,2003,syracuse,kansas,New Orleans, LA
30,2003,wisconsin,weber state,Spokane, WA
31,2003,oregon,utah,Nashville, TN
32,2003,cincinnati,gonzaga,Salt Lake City, UT
33,2003,oklahoma,syracuse,Albany, NY
34,2003,kentucky,iupui,Nashville, TN
35,2003,texas,unc asheville,Birmingham, AL
36,2003,lsu,purdue,Birmingham, AL
37,2003,uconn,byu,Spokane, WA
38,2003,stanford,san diego,Spokane, WA
39,2003,maryland,unc wilmington,Nashville, TN
40,2003,xavier,troy,Nashville, TN
41,2003,michigan state,colorado,Tampa, FL
42,2003,florida,sam houston state,Tampa, FL
43,2003,uconn,stanford,Spokane, WA
44,2003,maryland,xavier,Nashville, TN
45,2003,michigan state,florida,Tampa, FL
46,2003,texas,uconn,San Antonio, TX
47,2003,maryland,michigan state,San Antonio, TX
48,2003,texas,michigan state,San Antonio, TX
49,2003,texas,purdue,Birmingham, AL
50,2003,syracuse,auburn,Albany, NY
51,2003,oklahoma,south carolina state,Oklahoma City, OK
52,2003,oklahoma,butler,Albany, NY
53,2003,auburn,wake forest,Tampa, FL
54,2003,oklahoma state,syracuse,Boston, MA
55,2003,butler,louisville,Birmingham, AL
56,2003,wake forest,etsu,Tampa, FL
57,2003,oklahoma,california,Oklahoma City, OK
58,2003,syracuse,manhattan,Boston, MA
59,2003,oklahoma state,penn,Boston, MA
60,2003,louisville,austin peay,Birmingham, AL
61,2003,mississippi state,butler,Birmingham, AL
62,2003,california,nc state,Oklahoma City, OK
63,2003,st. joseph's,auburn,Tampa, FL
64,2004,memphis,oklahoma state,Kansas City, MO
65,2004,stanford,utsa,Seattle, WA
66,2004,st. joseph's,oklahoma state,East Rutherford, NJ
67,2004,pitt,oklahoma state,East Rutherford, NJ
68,2004,st. joseph's,wake forest,East Rutherford, NJ
69,2004,wisconsin,pitt,Milwaukee, WI
70,2004,wake forest,vcu,Raleigh, NC
71,2004,st. joseph's,texas tech,Buffalo, NY
72,2004,oklahoma state,eastern washington,Kansas City, MO
73,2004,memphis,south carolina,Kansas City, MO
74,2004,pitt,ucf,Milwaukee, WI
75,2004,wisconsin,richmond,Milwaukee, WI
76,2004,alabama,southern illinois,Seattle, WA
77,2004,manhattan,wake forest,Raleigh, NC
78,2004,syracuse,byu,Denver, CO
79,2004,uconn,georgia tech,San Antonio, TX
80,2004,vanderbilt,western michigan,Denver, CO
81,2004,nc state,louisiana,Orlando, FL
82,2004,depaul,dayton,Buffalo, NY
83,2004,uconn,vermont,Buffalo, NY
84,2004,stanford,alabama,Seattle, WA
85,2004,syracuse,maryland,Denver, CO
86,2004,vanderbilt,nc state,Denver, CO
87,2004,depaul,uconn,Buffalo, NY
88,2004,alabama,syracuse,Phoenix, AZ
89,2004,vanderbilt,uconn,Phoenix, AZ
90,2004,alabama,uconn,Phoenix, AZ
91,2004,uconn,duke,San Antonio, TX
92,2004,oklahoma state,georgia tech,San Antonio, TX
93,2004,florida,manhattan,Raleigh, NC
94,2004,maryland,utep,Denver, CO
95,2004,texas tech,charlotte,Buffalo, NY
96,2004,kansas,georgia tech,St. Louis, MO
97,2004,duke,xavier,Atlanta, GA
98,2004,st. joseph's,liberty,Buffalo, NY
99,2004,lehigh,florida a&m,Dayton,OH
100,2004,kentucky,florida a&m,Columbus, OH
101,2004,washington,alabama-birmingham,Columbus, OH
102,2004,providence,pacific,Kansas City, MO
103,2004,kansas,uic,Kansas City, MO
104,2004,boston college,utah,Milwaukee, WI
105,2004,georgia tech,northern iowa,Milwaukee, WI
106,2004,michigan state,nevada,Seattle, WA
107,2004,kentucky,alabama-birmingham,Columbus, OH
108,2004,pacific,kansas,Kansas City, MO
109,2004,boston college,georgia tech,Milwaukee, WI
110,2004,nevada,gonzaga,Seattle, WA
111,2004,alabama-birmingham,kansas,St. Louis, MO
112,2004,georgia tech,nevada,St. Louis, MO
113,2004,gonzaga,valparaiso,Seattle, WA
114,2004,duke,alabama state,Raleigh, NC
115,2004,duke,illinois,Atlanta, GA
116,2004,xavier,mississippi state,Orlando, FL
117,2004,unc,texas,Denver, CO
118,2004,illinois,cincinnati,Columbus, OH
119,2004,duke,seton hall,Raleigh, NC
120,2004,mississippi state,monmouth,Orlando, FL
121,2004,texas,xavier,Atlanta, GA
122,2004,texas,princeton,Denver, CO
123,2004,unc,air force,Denver, CO
124,2004,cincinnati,etsu,Columbus, OH
125,2004,illinois,murray state,Columbus, OH
126,2004,seton hall,arizona,Raleigh, NC
127,2004,xavier,louisville,Orlando, FL
128,2005,illinois,fairleigh dickinson,Indianapolis, IN
129,2005,michigan state,kentucky,Austin, TX
130,2005,utah,kentucky,Austin, TX
131,2005,duke,michigan state,Austin, TX
132,2005,cincinnati,kentucky,Indianapolis, IN
133,2005,utah,oklahoma,Tucson, AZ
134,2005,kentucky,eastern kentucky,Indianapolis, IN
135,2005,duke,mississippi state,Charlotte, NC
136,2005,cincinnati,iowa,Indianapolis, IN
137,2005,oklahoma,niagara,Tucson, AZ
138,2005,utah,utep,Tucson, AZ
139,2005,syracuse,vermont,Worcester, MA
140,2005,texas,nevada,Indianapolis, IN
141,2005,michigan state,vermont,Worcester, MA
142,2005,alabama,milwaukee,Cleveland, OH
143,2005,unc,illinois,St. Louis, MO
144,2005,lsu,alabama-birmingham,Boise, ID
145,2005,arizona,utah state,Boise, ID
146,2005,southern illinois,saint mary's,Oklahoma City, OK
147,2005,oklahoma state,southeastern louisiana,Oklahoma City, OK
148,2005,illinois,nevada,Indianapolis, IN
149,2005,milwaukee,boston college,Cleveland, OH
150,2005,alabama-birmingham,arizona,Boise, ID
151,2005,southern illinois,oklahoma state,Oklahoma City, OK
152,2005,illinois,milwaukee,Rosemont, IL
153,2005,arizona,oklahoma state,Rosemont, IL
154,2005,illinois,arizona,Rosemont, IL
155,2005,unc,michigan state,St. Louis, MO
156,2005,louisville,illinois,St. Louis, MO
157,2005,michigan state,old dominion,Worcester, MA
158,2005,boston college,penn,Cleveland, OH
159,2005,stanford,mississippi state,Charlotte, NC
160,2005,unc,wisconsin,Syracuse, NY
161,2005,louisville,west virginia,Albuquerque, NM
162,2005,unc,oakland,Charlotte, NC
163,2005,minnesota,iowa state,Charlotte, NC
164,2005,villanova,new mexico,Nashville, TN
165,2005,florida,ohio,Nashville, TN
166,2005,wisconsin,northern iowa,Oklahoma City, OK
167,2005,kansas,bucknell,Oklahoma City, OK
168,2005,charlotte,nc state,Worcester, MA
169,2005,uconn,ucf,Worcester, MA
170,2005,unc,iowa state,Charlotte, NC
171,2005,villanova,florida,Nashville, TN
172,2005,wisconsin,bucknell,Oklahoma City, OK
173,2005,nc state,uconn,Worcester, MA
174,2005,unc,villanova,Syracuse, NY
175,2005,wisconsin,nc state,Syracuse, NY
176,2005,alabama a&m,oakland,Dayton,OH
177,2005,washington,montana,Boise, ID
178,2005,texas tech,west virginia,Albuquerque, NM
179,2005,washington,louisville,Albuquerque, NM
180,2005,west virginia,wake forest,Cleveland, OH
181,2005,texas tech,gonzaga,Tucson, AZ
182,2005,georgia tech,louisville,Nashville, TN
183,2005,washington,pacific,Boise, ID
184,2005,duke,delaware state,Charlotte, NC
185,2005,west virginia,creighton,Cleveland, OH
186,2005,gonzaga,winthrop,Tucson, AZ
187,2005,texas tech,ucla,Tucson, AZ
188,2005,louisville,louisiana,Nashville, TN
189,2005,georgia tech,george washington,Nashville, TN
190,2005,pacific,pitt,Boise, ID
191,2005,wake forest,chattanooga,Cleveland, OH
192,2006,memphis,ucla,Oakland, CA
193,2006,gonzaga,ucla,Oakland, CA
194,2006,memphis,bradley,Oakland, CA
195,2006,alabama,ucla,San Diego, CA
196,2006,indiana,gonzaga,Salt Lake City, UT
197,2006,ucla,belmont,San Diego, CA
198,2006,memphis,bucknell,Dallas, TX
199,2006,uconn,albany (ny),Philadelphia, PA
200,2006,marquette,alabama,San Diego, CA
201,2006,gonzaga,xavier,Salt Lake City, UT
202,2006,indiana,san diego state,Salt Lake City, UT
203,2006,kansas,bradley,Auburn Hills, MI
204,2006,pitt,bradley,Auburn Hills, MI
205,2006,kentucky,alabama-birmingham,Philadelphia, PA
206,2006,unc,murray state,Dayton, OH
207,2006,illinois,air force,San Diego, CA
208,2006,michigan state,george mason,Dayton, OH
209,2006,wichita state,seton hall,Greensboro, NC
210,2006,tennessee,winthrop,Greensboro, NC
211,2006,uconn,kentucky,Philadelphia, PA
212,2006,florida,ucla,Indianapolis, IN
213,2006,george mason,unc,Dayton, OH
214,2006,wichita state,tennessee,Greensboro, NC
215,2006,uconn,washington,Washington, DC
216,2006,george mason,wichita state,Washington, DC
217,2006,uconn,george mason,Washington, DC
218,2006,florida,george mason,Indianapolis, IN
219,2006,lsu,ucla,Indianapolis, IN
220,2006,pitt,kent state,Auburn Hills, MI
221,2006,washington,utah state,San Diego, CA
222,2006,washington,illinois,San Diego, CA
223,2006,arkansas,bucknell,Dallas, TX
224,2006,lsu,texas,Atlanta, GA
225,2006,memphis,oral roberts,Dallas, TX
226,2006,hampton,monmouth,Dayton,OH
227,2006,villanova,monmouth,Philadelphia, PA
228,2006,arizona,wisconsin,Philadelphia, PA
229,2006,nevada,montana,Salt Lake City, UT
230,2006,boston college,pacific,Salt Lake City, UT
231,2006,oklahoma,milwaukee,Jacksonville, FL
232,2006,florida,south alabama,Jacksonville, FL
233,2006,ohio state,davidson,Dayton, OH
234,2006,villanova,arizona,Philadelphia, PA
235,2006,montana,boston college,Salt Lake City, UT
236,2006,milwaukee,florida,Jacksonville, FL
237,2006,georgetown,ohio state,Dayton, OH
238,2006,villanova,boston college,Minneapolis, MN
239,2006,florida,georgetown,Minneapolis, MN
240,2006,georgetown,northern iowa,Dayton, OH
241,2006,duke,southern,Greensboro, NC
242,2006,villanova,florida,Minneapolis, MN
243,2006,duke,lsu,Atlanta, GA
244,2006,nc state,texas,Dallas, TX
245,2006,west virginia,northwestern state,Auburn Hills, MI
246,2006,texas a&m,lsu,Jacksonville, FL
247,2006,duke,george washington,Greensboro, NC
248,2006,texas,penn,Dallas, TX
249,2006,west virginia,texas,Atlanta, GA
250,2006,iowa,northwestern state,Auburn Hills, MI
251,2006,west virginia,southern illinois,Auburn Hills, MI
252,2006,lsu,iona,Jacksonville, FL
253,2006,syracuse,texas a&m,Jacksonville, FL
254,2006,george washington,unc wilmington,Greensboro, NC
255,2006,california,nc state,Dallas, TX
256,2007,byu,xavier,Lexington, KY
257,2007,ohio state,central connecticut,Lexington, KY
258,2007,florida,oregon,St. Louis, MO
259,2007,oregon,unlv,St. Louis, MO
260,2007,florida,butler,St. Louis, MO
261,2007,unlv,wisconsin,Chicago, IL
262,2007,winthrop,oregon,Spokane, WA
263,2007,wisconsin,texas a&m-corpus christi,Chicago, IL
264,2007,florida,purdue,New Orleans, LA
265,2007,unlv,georgia tech,Chicago, IL
266,2007,oregon,miami (oh),Spokane, WA
267,2007,notre dame,winthrop,Spokane, WA
268,2007,maryland,davidson,Buffalo, NY
269,2007,butler,maryland,Buffalo, NY
270,2007,tennessee,long beach state,Columbus, OH
271,2007,butler,old dominion,Buffalo, NY
272,2007,louisville,stanford,Lexington, KY
273,2007,texas a&m,penn,Lexington, KY
274,2007,nevada,creighton,New Orleans, LA
275,2007,memphis,north texas,New Orleans, LA
276,2007,ohio state,xavier,Lexington, KY
277,2007,tennessee,virginia,Columbus, OH
278,2007,louisville,texas a&m,Lexington, KY
279,2007,nevada,memphis,New Orleans, LA
280,2007,ohio state,tennessee,San Antonio, TX
281,2007,texas a&m,memphis,San Antonio, TX
282,2007,ohio state,memphis,San Antonio, TX
283,2007,florida,ucla,Atlanta, GA
284,2007,georgetown,ohio state,Atlanta, GA
285,2007,florida,ohio state,Atlanta, GA
286,2007,virginia,albany (ny),Columbus, OH
287,2007,arizona,purdue,New Orleans, LA
288,2007,unc,eastern kentucky,Winston-Salem, NC
289,2007,unc,georgetown,East Rutherford, NJ
290,2007,florida a&m,niagara,Dayton,OH
291,2007,kansas,niagara,Chicago, IL
292,2007,kentucky,villanova,Chicago, IL
293,2007,virginia tech,illinois,Columbus, OH
294,2007,southern illinois,holy cross,Columbus, OH
295,2007,duke,vcu,Buffalo, NY
296,2007,pitt,wright state,Buffalo, NY
297,2007,indiana,gonzaga,Sacramento, CA
298,2007,ucla,weber state,Sacramento, CA
299,2007,kansas,kentucky,Chicago, IL
300,2007,virginia tech,southern illinois,Columbus, OH
301,2007,vcu,pitt,Buffalo, NY
302,2007,indiana,ucla,Sacramento, CA
303,2007,kansas,southern illinois,San Jose, CA
304,2007,pitt,ucla,San Jose, CA
305,2007,florida,jackson state,New Orleans, LA
306,2007,vanderbilt,washington state,Sacramento, CA
307,2007,vanderbilt,georgetown,East Rutherford, NJ
308,2007,unc,usc,East Rutherford, NJ
309,2007,boston college,georgetown,Winston-Salem, NC
310,2007,usc,texas,Spokane, WA
311,2007,unc,michigan state,Winston-Salem, NC
312,2007,georgetown,belmont,Winston-Salem, NC
313,2007,kansas,ucla,San Jose, CA
314,2007,washington state,oral roberts,Sacramento, CA
315,2007,vanderbilt,george washington,Sacramento, CA
316,2007,texas,new mexico state,Spokane, WA
317,2007,usc,arkansas,Spokane, WA
318,2007,marquette,michigan state,Winston-Salem, NC
319,2007,boston college,texas tech,Winston-Salem, NC
320,2008,marquette,stanford,Anaheim, CA
321,2008,ucla,mississippi valley state,Anaheim, CA
322,2008,memphis,texas,Houston, TX
323,2008,stanford,texas,Houston, TX
324,2008,memphis,michigan state,Houston, TX
325,2008,miami (fl),texas,North Little Rock, AR
326,2008,michigan state,pitt,Denver, CO
327,2008,pitt,oral roberts,Denver, CO
328,2008,texas,austin peay,North Little Rock, AR
329,2008,miami (fl),saint mary's,North Little Rock, AR
330,2008,stanford,cornell,Anaheim, CA
331,2008,marquette,kentucky,Anaheim, CA
332,2008,byu,texas a&m,Anaheim, CA
333,2008,memphis,mississippi state,North Little Rock, AR
334,2008,drake,western kentucky,Tampa, FL
335,2008,western kentucky,san diego,Tampa, FL
336,2008,purdue,baylor,Washington, DC
337,2008,xavier,georgia,Washington, DC
338,2008,west virginia,arizona,Washington, DC
339,2008,duke,belmont,Washington, DC
340,2008,ucla,texas a&m,Anaheim, CA
341,2008,michigan state,temple,Denver, CO
342,2008,purdue,xavier,Washington, DC
343,2008,west virginia,duke,Washington, DC
344,2008,ucla,western kentucky,Phoenix, AZ
345,2008,xavier,west virginia,Phoenix, AZ
346,2008,ucla,xavier,Phoenix, AZ
347,2008,kansas,unc,San Antonio, TX
348,2008,ucla,memphis,San Antonio, TX
349,2008,kansas,memphis,San Antonio, TX
350,2008,uconn,san diego,Tampa, FL
351,2008,mississippi state,oregon,North Little Rock, AR
352,2008,memphis,texas-arlington,North Little Rock, AR
353,2008,kansas,davidson,Detroit, MI
354,2008,unc,mount st. mary's,Raleigh, NC
355,2008,indiana,arkansas,Raleigh, NC
356,2008,notre dame,george mason,Denver, CO
357,2008,washington state,winthrop,Denver, CO
358,2008,oklahoma,st. joseph's,Birmingham, AL
359,2008,louisville,boise state,Birmingham, AL
360,2008,butler,south alabama,Birmingham, AL
361,2008,tennessee,american,Birmingham, AL
362,2008,unc,arkansas,Raleigh, NC
363,2008,notre dame,washington state,Denver, CO
364,2008,oklahoma,louisville,Birmingham, AL
365,2008,butler,tennessee,Birmingham, AL
366,2008,unc,washington state,Charlotte, NC
367,2008,louisville,tennessee,Charlotte, NC
368,2008,coppin state,mount st. mary's,Dayton,OH
369,2008,kansas,portland state,Omaha, NE
370,2008,wisconsin,davidson,Detroit, MI
371,2008,kansas,villanova,Detroit, MI
372,2008,davidson,georgetown,Raleigh, NC
373,2008,kansas state,wisconsin,Omaha, NE
374,2008,unc,louisville,Charlotte, NC
375,2008,kansas,unlv,Omaha, NE
376,2008,villanova,siena,Tampa, FL
377,2008,gonzaga,davidson,Raleigh, NC
378,2008,wisconsin,cal state fullerton,Omaha, NE
379,2008,usc,kansas state,Omaha, NE
380,2008,vanderbilt,siena,Tampa, FL
381,2008,clemson,villanova,Tampa, FL
382,2008,unlv,kent state,Omaha, NE
383,2008,georgetown,umbc,Raleigh, NC
384,2009,unc,oklahoma,Memphis, TN
385,2009,syracuse,oklahoma,Memphis, TN
386,2009,unc,gonzaga,Memphis, TN
387,2009,michigan,oklahoma,Kansas City, MO
388,2009,arizona state,syracuse,Miami, FL
389,2009,gonzaga,akron,Portland, OR
390,2009,unc,lsu,Greensboro, NC
391,2009,oklahoma,morgan state,Kansas City, MO
392,2009,clemson,michigan,Kansas City, MO
393,2009,syracuse,stephen f. austin,Miami, FL
394,2009,arizona state,temple,Miami, FL
395,2009,uconn,chattanooga,Philadelphia, PA
396,2009,western kentucky,gonzaga,Portland, OR
397,2009,byu,texas a&m,Philadelphia, PA
398,2009,purdue,washington,Portland, OR
399,2009,washington,mississippi state,Portland, OR
400,2009,marquette,utah state,Boise, ID
401,2009,missouri,cornell,Boise, ID
402,2009,california,maryland,Kansas City, MO
403,2009,memphis,cal state northridge,Kansas City, MO
404,2009,uconn,texas a&m,Philadelphia, PA
405,2009,marquette,missouri,Boise, ID
406,2009,maryland,memphis,Kansas City, MO
407,2009,uconn,purdue,Glendale, AZ
408,2009,missouri,memphis,Glendale, AZ
409,2009,uconn,missouri,Glendale, AZ
410,2009,unc,villanova,Detroit, MI
411,2009,uconn,michigan state,Detroit, MI
412,2009,illinois,western kentucky,Portland, OR
413,2009,purdue,northern iowa,Portland, OR
414,2009,unc,michigan state,Detroit, MI
415,2009,lsu,butler,Greensboro, NC
416,2009,pitt,villanova,Boston, MA
417,2009,alabama state,morehead state,Dayton,OH
418,2009,louisville,morehead state,Dayton, OH
419,2009,ohio state,siena,Dayton, OH
420,2009,utah,arizona,Miami, FL
421,2009,wake forest,cleveland state,Miami, FL
422,2009,west virginia,dayton,Minneapolis, MN
423,2009,kansas,north dakota state,Minneapolis, MN
424,2009,boston college,usc,Minneapolis, MN
425,2009,michigan state,robert morris,Minneapolis, MN
426,2009,louisville,siena,Dayton, OH
427,2009,arizona,cleveland state,Miami, FL
428,2009,dayton,kansas,Minneapolis, MN
429,2009,usc,michigan state,Minneapolis, MN
430,2009,louisville,arizona,Indianapolis, IN
431,2009,kansas,michigan state,Indianapolis, IN
432,2009,unc,radford,Greensboro, NC
433,2009,pitt,etsu,Dayton, OH
434,2009,villanova,duke,Boston, MA
435,2009,pitt,xavier,Boston, MA
436,2009,texas,duke,Greensboro, NC
437,2009,ucla,villanova,Philadelphia, PA
438,2009,louisville,michigan state,Indianapolis, IN
439,2009,pitt,oklahoma state,Dayton, OH
440,2009,wisconsin,xavier,Boise, ID
441,2009,texas,minnesota,Greensboro, NC
442,2009,villanova,american,Philadelphia, PA
443,2009,ucla,vcu,Philadelphia, PA
444,2009,xavier,portland state,Boise, ID
445,2009,florida state,wisconsin,Boise, ID
446,2009,oklahoma state,tennessee,Dayton, OH
447,2009,duke,binghamton,Greensboro, NC
448,2010,michigan state,tennessee,St. Louis, MO
449,2010,tennessee,ohio state,St. Louis, MO
450,2010,northern iowa,michigan state,St. Louis, MO
451,2010,georgia tech,ohio state,Milwaukee, WI
452,2010,tennessee,ohio,Providence, RI
453,2010,maryland,houston,Spokane, WA
454,2010,kansas,northern iowa,Oklahoma City, OK
455,2010,ohio state,ucsb,Milwaukee, WI
456,2010,oklahoma state,georgia tech,Milwaukee, WI
457,2010,georgetown,ohio,Providence, RI
458,2010,tennessee,san diego state,Providence, RI
459,2010,syracuse,vermont,Buffalo, NY
460,2010,michigan state,maryland,Spokane, WA
461,2010,gonzaga,florida state,Buffalo, NY
462,2010,butler,murray state,San Jose, CA
463,2010,vanderbilt,murray state,San Jose, CA
464,2010,xavier,minnesota,Milwaukee, WI
465,2010,pitt,oakland,Milwaukee, WI
466,2010,byu,florida,Oklahoma City, OK
467,2010,kansas state,north texas,Oklahoma City, OK
468,2010,syracuse,gonzaga,Buffalo, NY
469,2010,xavier,pitt,Milwaukee, WI
470,2010,byu,kansas state,Oklahoma City, OK
471,2010,syracuse,butler,Salt Lake City, UT
472,2010,xavier,kansas state,Salt Lake City, UT
473,2010,butler,kansas state,Salt Lake City, UT
474,2010,duke,west virginia,Indianapolis, IN
475,2010,michigan state,butler,Indianapolis, IN
476,2010,michigan state,new mexico state,Spokane, WA
477,2010,butler,utep,San Jose, CA
478,2010,duke,butler,Indianapolis, IN
479,2010,unlv,northern iowa,Oklahoma City, OK
480,2010,kentucky,west virginia,Syracuse, NY
481,2010,kansas,lehigh,Oklahoma City, OK
482,2010,winthrop,arkansas-pine bluff,Dayton,OH
483,2010,duke,arkansas-pine bluff,Jacksonville, FL
484,2010,california,louisville,Jacksonville, FL
485,2010,texas a&m,utah state,Spokane, WA
486,2010,purdue,siena,Spokane, WA
487,2010,notre dame,old dominion,New Orleans, LA
488,2010,baylor,sam houston state,New Orleans, LA
489,2010,villanova,robert morris,Providence, RI
490,2010,duke,california,Jacksonville, FL
491,2010,texas a&m,purdue,Spokane, WA
492,2010,old dominion,baylor,New Orleans, LA
493,2010,saint mary's,villanova,Providence, RI
494,2010,duke,purdue,Houston, TX
495,2010,baylor,saint mary's,Houston, TX
496,2010,richmond,saint mary's,Providence, RI
497,2010,kentucky,etsu,New Orleans, LA
498,2010,washington,west virginia,Syracuse, NY
499,2010,duke,baylor,Houston, TX
500,2010,kentucky,cornell,Syracuse, NY
501,2010,missouri,west virginia,Buffalo, NY
502,2010,washington,new mexico,San Jose, CA
503,2010,kentucky,wake forest,New Orleans, LA
504,2010,west virginia,morgan state,Buffalo, NY
505,2010,cornell,wisconsin,Jacksonville, FL
506,2010,new mexico,montana,San Jose, CA
507,2010,marquette,washington,San Jose, CA
508,2010,wisconsin,wofford,Jacksonville, FL
509,2010,temple,cornell,Jacksonville, FL
510,2010,texas,wake forest,New Orleans, LA
511,2010,clemson,missouri,Buffalo, NY
512,2011,arizona,memphis,Tulsa, OK
513,2011,kansas,richmond,San Antonio, TX
514,2011,michigan,tennessee,Charlotte, NC
515,2011,duke,hampton,Charlotte, NC
516,2011,vcu,florida state,San Antonio, TX
517,2011,florida state,notre dame,Chicago, IL
518,2011,georgetown,vcu,Chicago, IL
519,2011,richmond,morehead state,Denver, CO
520,2011,kansas,illinois,Tulsa, OK
521,2011,notre dame,akron,Chicago, IL
522,2011,texas a&m,florida state,Chicago, IL
523,2011,purdue,st. peter's,Chicago, IL
524,2011,texas,oakland,Tulsa, OK
525,2011,vcu,purdue,Chicago, IL
526,2011,cincinnati,missouri,Washington, DC
527,2011,vcu,usc,Dayton,OH
528,2011,temple,penn state,Tucson, AZ
529,2011,louisville,morehead state,Denver, CO
530,2011,unc asheville,little rock,Dayton,OH
531,2011,utsa,alabama state,Dayton,OH
532,2011,uconn,butler,Houston, TX
533,2011,vcu,butler,Houston, TX
534,2011,uconn,kentucky,Houston, TX
535,2011,uconn,bucknell,Washington, DC
536,2011,arizona,uconn,Anaheim, CA
537,2011,duke,arizona,Anaheim, CA
538,2011,temple,san diego state,Tucson, AZ
539,2011,cincinnati,uconn,Washington, DC
540,2011,arizona,texas,Tulsa, OK
541,2011,duke,michigan,Charlotte, NC
542,2011,san diego state,northern colorado,Tucson, AZ
543,2011,uconn,san diego state,Anaheim, CA
544,2011,vanderbilt,richmond,Denver, CO
545,2011,kansas,vcu,San Antonio, TX
546,2011,kansas,boston university,Tulsa, OK
547,2011,ohio state,utsa,Cleveland, OH
548,2011,george mason,villanova,Cleveland, OH
549,2011,west virginia,clemson,Tampa, FL
550,2011,kentucky,princeton,Tampa, FL
551,2011,xavier,marquette,Cleveland, OH
552,2011,syracuse,indiana state,Cleveland, OH
553,2011,washington,georgia,Charlotte, NC
554,2011,unc,liu,Charlotte, NC
555,2011,ohio state,george mason,Cleveland, OH
556,2011,west virginia,kentucky,Tampa, FL
557,2011,marquette,syracuse,Cleveland, OH
558,2011,washington,unc,Charlotte, NC
559,2011,ohio state,kentucky,Newark, NJ
560,2011,marquette,unc,Newark, NJ
561,2011,kentucky,unc,Newark, NJ
562,2011,alabama-birmingham,clemson,Dayton,OH
563,2011,butler,old dominion,Washington, DC
564,2011,pitt,unc asheville,Washington, DC
565,2011,butler,florida,New Orleans, LA
566,2011,byu,florida,New Orleans, LA
567,2011,butler,wisconsin,New Orleans, LA
568,2011,ucla,florida,Tampa, FL
569,2011,kansas state,wisconsin,Tucson, AZ
570,2011,pitt,butler,Washington, DC
571,2011,gonzaga,byu,Denver, CO
572,2011,ucla,michigan state,Tampa, FL
573,2011,byu,wofford,Denver, CO
574,2011,unlv,illinois,Tulsa, OK
575,2011,st. john's (ny),gonzaga,Denver, CO
576,2011,wisconsin,belmont,Tucson, AZ
577,2011,kansas state,utah state,Tucson, AZ
578,2011,florida,ucsb,Tampa, FL
579,2012,marquette,florida,Phoenix, AZ
580,2012,vanderbilt,harvard,Albuquerque, NM
581,2012,kansas state,southern miss,Pittsburgh, PA
582,2012,syracuse,unc asheville,Pittsburgh, PA
583,2012,louisville,florida,Phoenix, AZ
584,2012,michigan state,louisville,Phoenix, AZ
585,2012,marquette,byu,Louisville, KY
586,2012,murray state,marquette,Louisville, KY
587,2012,new mexico,louisville,Portland, OR
588,2012,michigan state,saint louis,Columbus, OH
589,2012,missouri,norfolk state,Omaha, NE
590,2012,florida,virginia,Omaha, NE
591,2012,wisconsin,montana,Albuquerque, NM
592,2012,florida,norfolk state,Omaha, NE
593,2012,cincinnati,texas,Nashville, TN
594,2012,syracuse,wisconsin,Boston, MA
595,2012,gonzaga,west virginia,Pittsburgh, PA
596,2012,murray state,colorado state,Louisville, KY
597,2012,iona,byu,Dayton,OH
598,2012,western kentucky,mississippi valley state,Dayton,OH
599,2012,vermont,lamar,Dayton,OH
600,2012,kentucky,kansas,New Orleans, LA
601,2012,ohio state,kansas,New Orleans, LA
602,2012,florida state,st. bonaventure,Nashville, TN
603,2012,kentucky,louisville,New Orleans, LA
604,2012,cincinnati,ohio state,Boston, MA
605,2012,gonzaga,ohio state,Pittsburgh, PA
606,2012,cincinnati,florida state,Nashville, TN
607,2012,vanderbilt,wisconsin,Albuquerque, NM
608,2012,syracuse,kansas state,Pittsburgh, PA
609,2012,ohio state,loyola (md),Pittsburgh, PA
610,2012,syracuse,ohio state,Boston, MA
611,2012,louisville,davidson,Portland, OR
612,2012,new mexico,long beach state,Portland, OR
613,2012,memphis,saint louis,Columbus, OH
614,2012,unc,vermont,Greensboro, NC
615,2012,creighton,alabama,Greensboro, NC
616,2012,temple,south florida,Nashville, TN
617,2012,michigan,ohio,Nashville, TN
618,2012,san diego state,nc state,Columbus, OH
619,2012,georgetown,belmont,Columbus, OH
620,2012,saint mary's,purdue,Omaha, NE
621,2012,kansas,detroit,Omaha, NE
622,2012,unc,creighton,Greensboro, NC
623,2012,south florida,ohio,Nashville, TN
624,2012,nc state,georgetown,Columbus, OH
625,2012,purdue,kansas,Omaha, NE
626,2012,unc,ohio,St. Louis, MO
627,2012,nc state,kansas,St. Louis, MO
628,2012,unc,kansas,St. Louis, MO
629,2012,california,south florida,Dayton,OH
630,2012,iowa state,uconn,Louisville, KY
631,2012,kentucky,western kentucky,Louisville, KY
632,2012,michigan state,liu,Columbus, OH
633,2012,kentucky,baylor,Atlanta, GA
634,2012,baylor,xavier,Atlanta, GA
635,2012,kentucky,indiana,Atlanta, GA
636,2012,colorado,baylor,Albuquerque, NM
637,2012,vcu,indiana,Portland, OR
638,2012,xavier,lehigh,Greensboro, NC
639,2012,duke,lehigh,Greensboro, NC
640,2012,notre dame,xavier,Greensboro, NC
641,2012,baylor,south dakota state,Albuquerque, NM
642,2012,unlv,colorado,Albuquerque, NM
643,2012,indiana,new mexico state,Portland, OR
644,2012,wichita state,vcu,Portland, OR
645,2012,kentucky,iowa state,Louisville, KY
646,2013,arizona,ohio state,Los Angeles, CA
647,2013,vcu,akron,Auburn Hills, MI
648,2013,unc,villanova,Kansas City, MO
649,2013,kansas,western kentucky,Kansas City, MO
650,2013,wichita state,ohio state,Los Angeles, CA
651,2013,wichita state,la salle,Los Angeles, CA
652,2013,new mexico,harvard,Salt Lake City, UT
653,2013,arizona,harvard,Salt Lake City, UT
654,2013,ole miss,la salle,Kansas City, MO
655,2013,gonzaga,wichita state,Salt Lake City, UT
656,2013,ohio state,iona,Dayton, OH
657,2013,notre dame,iowa state,Dayton, OH
658,2013,michigan,south dakota state,Auburn Hills, MI
659,2013,iowa state,ohio state,Dayton, OH
660,2013,ucla,minnesota,Austin, TX
661,2013,kansas,michigan,Arlington, TX
662,2013,san diego state,oklahoma,Philadelphia, PA
663,2013,arizona,belmont,Salt Lake City, UT
664,2013,la salle,boise state,Dayton,OH
665,2013,saint mary's,middle tennessee,Dayton,OH
666,2013,north carolina a&t,liberty,Dayton,OH
667,2013,louisville,michigan,Atlanta, GA
668,2013,syracuse,michigan,Atlanta, GA
669,2013,florida,northwestern state,Austin, TX
670,2013,louisville,wichita state,Atlanta, GA
671,2013,florida,florida gulf coast,Arlington, TX
672,2013,san diego state,florida gulf coast,Philadelphia, PA
673,2013,minnesota,florida,Austin, TX
674,2013,vcu,michigan,Auburn Hills, MI
675,2013,kansas,unc,Kansas City, MO
676,2013,georgetown,florida gulf coast,Philadelphia, PA
677,2013,michigan,florida,Arlington, TX
678,2013,kansas state,la salle,Kansas City, MO
679,2013,wisconsin,ole miss,Kansas City, MO
680,2013,pitt,wichita state,Salt Lake City, UT
681,2013,indiana,james madison,Dayton, OH
682,2013,nc state,temple,Dayton, OH
683,2013,unlv,california,San Jose, CA
684,2013,syracuse,montana,San Jose, CA
685,2013,butler,bucknell,Lexington, KY
686,2013,marquette,davidson,Lexington, KY
687,2013,illinois,colorado,Austin, TX
688,2013,miami (fl),pacific,Austin, TX
689,2013,indiana,temple,Dayton, OH
690,2013,california,syracuse,San Jose, CA
691,2013,butler,marquette,Lexington, KY
692,2013,illinois,miami (fl),Austin, TX
693,2013,indiana,syracuse,Washington, DC
694,2013,marquette,miami (fl),Washington, DC
695,2013,syracuse,marquette,Washington, DC
696,2013,liu,james madison,Dayton,OH
697,2013,colorado state,missouri,Lexington, KY
698,2013,louisville,north carolina a&t,Lexington, KY
699,2013,gonzaga,southern,Salt Lake City, UT
700,2013,louisville,duke,Indianapolis, IN
701,2013,michigan state,duke,Indianapolis, IN
702,2013,louisville,oregon,Indianapolis, IN
703,2013,memphis,michigan state,Auburn Hills, MI
704,2013,oregon,saint louis,San Jose, CA
705,2013,creighton,duke,Philadelphia, PA
706,2013,duke,albany (ny),Philadelphia, PA
707,2013,creighton,cincinnati,Philadelphia, PA
708,2013,michigan state,valparaiso,Auburn Hills, MI
709,2013,memphis,saint mary's,Auburn Hills, MI
710,2013,saint louis,new mexico state,San Jose, CA
711,2013,oklahoma state,oregon,San Jose, CA
712,2013,louisville,colorado state,Lexington, KY
713,2014,iowa state,uconn,New York, NY
714,2014,oklahoma,north dakota state,Spokane, WA
715,2014,gonzaga,oklahoma state,San Diego, CA
716,2014,arizona,weber state,San Diego, CA
717,2014,michigan state,uconn,New York, NY
718,2014,virginia,michigan state,New York, NY
719,2014,iowa state,north carolina central,San Antonio, TX
720,2014,unc,iowa state,San Antonio, TX
721,2014,harvard,michigan state,Spokane, WA
722,2014,virginia,memphis,Raleigh, NC
723,2014,villanova,milwaukee,Buffalo, NY
724,2014,uconn,st. joseph's,Buffalo, NY
725,2014,san diego state,new mexico state,Spokane, WA
726,2014,uconn,villanova,Buffalo, NY
727,2014,baylor,nebraska,San Antonio, TX
728,2014,arizona,san diego state,Anaheim, CA
729,2014,oregon,byu,Milwaukee, WI
730,2014,unc,providence,San Antonio, TX
731,2014,mount st. mary's,albany (ny),Dayton,OH
732,2014,xavier,nc state,Dayton,OH
733,2014,texas southern,cal poly,Dayton,OH
734,2014,uconn,kentucky,Arlington, TX
735,2014,wisconsin,kentucky,Arlington, TX
736,2014,creighton,louisiana,San Antonio, TX
737,2014,uconn,florida,Arlington, TX
738,2014,baylor,wisconsin,Anaheim, CA
739,2014,oregon,wisconsin,Milwaukee, WI
740,2014,baylor,creighton,San Antonio, TX
741,2014,north dakota state,san diego state,Spokane, WA
742,2014,arizona,gonzaga,San Diego, CA
743,2014,wisconsin,american,Milwaukee, WI
744,2014,arizona,wisconsin,Anaheim, CA
745,2014,michigan state,delaware,Spokane, WA
746,2014,cincinnati,harvard,Spokane, WA
747,2014,memphis,george washington,Raleigh, NC
748,2014,wichita state,cal poly,St. Louis, MO
749,2014,kentucky,kansas state,St. Louis, MO
750,2014,saint louis,nc state,Orlando, FL
751,2014,louisville,manhattan,Orlando, FL
752,2014,umass,tennessee,Raleigh, NC
753,2014,duke,mercer,Raleigh, NC
754,2014,texas,arizona state,Milwaukee, WI
755,2014,michigan,wofford,Milwaukee, WI
756,2014,wichita state,kentucky,St. Louis, MO
757,2014,saint louis,louisville,Orlando, FL
758,2014,tennessee,mercer,Raleigh, NC
759,2014,texas,michigan,Milwaukee, WI
760,2014,kentucky,louisville,Indianapolis, IN
761,2014,tennessee,michigan,Indianapolis, IN
762,2014,kentucky,michigan,Indianapolis, IN
763,2014,iowa,tennessee,Dayton,OH
764,2014,colorado,pitt,Orlando, FL
765,2014,florida,albany (ny),Orlando, FL
766,2014,virginia,coastal carolina,Raleigh, NC
767,2014,florida,dayton,Memphis, TN
768,2014,dayton,stanford,Memphis, TN
769,2014,florida,ucla,Memphis, TN
770,2014,dayton,syracuse,Buffalo, NY
771,2014,stephen f. austin,ucla,San Diego, CA
772,2014,stanford,kansas,St. Louis, MO
773,2014,kansas,eastern kentucky,St. Louis, MO
774,2014,new mexico,stanford,St. Louis, MO
775,2014,syracuse,western michigan,Buffalo, NY
776,2014,ohio state,dayton,Buffalo, NY
777,2014,ucla,tulsa,San Diego, CA
778,2014,vcu,stephen f. austin,San Diego, CA
779,2014,florida,pitt,Orlando, FL
780,2015,duke,utah,Houston, TX
781,2015,oregon,oklahoma state,Omaha, NE
782,2015,wisconsin,coastal carolina,Omaha, NE
783,2015,duke,gonzaga,Houston, TX
784,2015,ucla,gonzaga,Houston, TX
785,2015,iowa,gonzaga,Seattle, WA
786,2015,smu,ucla,Louisville, KY
787,2015,utah,georgetown,Portland, OR
788,2015,duke,san diego state,Charlotte, NC
789,2015,gonzaga,north dakota state,Seattle, WA
790,2015,iowa,davidson,Seattle, WA
791,2015,iowa state,alabama-birmingham,Louisville, KY
792,2015,arkansas,wofford,Jacksonville, FL
793,2015,ucla,alabama-birmingham,Louisville, KY
794,2015,unc,harvard,Jacksonville, FL
795,2015,ohio state,arizona,Portland, OR
796,2015,baylor,georgia state,Jacksonville, FL
797,2015,georgetown,eastern washington,Portland, OR
798,2015,robert morris,north florida,Dayton,OH
799,2015,manhattan,hampton,Dayton,OH
800,2015,duke,wisconsin,Indianapolis, IN
801,2015,kentucky,wisconsin,Indianapolis, IN
802,2015,duke,michigan state,Indianapolis, IN
803,2015,ole miss,byu,Dayton,OH
804,2015,wisconsin,arizona,Los Angeles, CA
805,2015,wisconsin,unc,Los Angeles, CA
806,2015,xavier,georgia state,Jacksonville, FL
807,2015,arkansas,unc,Jacksonville, FL
808,2015,wisconsin,oregon,Omaha, NE
809,2015,arizona,texas southern,Portland, OR
810,2015,vcu,ohio state,Portland, OR
811,2015,xavier,arizona,Los Angeles, CA
812,2015,utah,stephen f. austin,Portland, OR
813,2015,xavier,ole miss,Jacksonville, FL
814,2015,duke,robert morris,Charlotte, NC
815,2015,boise state,dayton,Dayton,OH
816,2015,villanova,lafayette,Pittsburgh, PA
817,2015,nc state,lsu,Pittsburgh, PA
818,2015,northern iowa,wyoming,Seattle, WA
819,2015,louisville,uc-irvine,Seattle, WA
820,2015,providence,dayton,Columbus, OH
821,2015,oklahoma,albany (ny),Columbus, OH
822,2015,michigan state,georgia,Charlotte, NC
823,2015,virginia,belmont,Charlotte, NC
824,2015,villanova,nc state,Pittsburgh, PA
825,2015,northern iowa,louisville,Seattle, WA
826,2015,dayton,oklahoma,Columbus, OH
827,2015,michigan state,virginia,Charlotte, NC
828,2015,nc state,louisville,Syracuse, NY
829,2015,oklahoma,michigan state,Syracuse, NY
830,2015,san diego state,st. john's (ny),Charlotte, NC
831,2015,kentucky,hampton,Louisville, KY
832,2015,louisville,michigan state,Syracuse, NY
833,2015,kentucky,notre dame,Cleveland, OH
834,2015,notre dame,wichita state,Cleveland, OH
835,2015,kentucky,west virginia,Cleveland, OH
836,2015,wichita state,kansas,Omaha, NE
837,2015,west virginia,maryland,Columbus, OH
838,2015,kentucky,cincinnati,Louisville, KY
839,2015,butler,notre dame,Pittsburgh, PA
840,2015,wichita state,indiana,Omaha, NE
841,2015,notre dame,northeastern,Pittsburgh, PA
842,2015,butler,texas,Pittsburgh, PA
843,2015,maryland,valparaiso,Columbus, OH
844,2015,west virginia,buffalo,Columbus, OH
845,2015,cincinnati,purdue,Louisville, KY
846,2015,kansas,new mexico state,Omaha, NE
847,2016,texas a&m,oklahoma,Anaheim, CA
848,2016,purdue,little rock,Denver, CO
849,2016,texas tech,butler,Raleigh, NC
850,2016,virginia,hampton,Raleigh, NC
851,2016,oregon,oklahoma,Anaheim, CA
852,2016,oregon,duke,Anaheim, CA
853,2016,texas a&m,green bay,Oklahoma City, OK
854,2016,northern iowa,texas a&m,Oklahoma City, OK
855,2016,yale,duke,Providence, RI
856,2016,oregon,st. joseph's,Spokane, WA
857,2016,oklahoma,cal state bakersfield,Oklahoma City, OK
858,2016,oregon state,vcu,Oklahoma City, OK
859,2016,iowa state,iona,Denver, CO
860,2016,vcu,oklahoma,Oklahoma City, OK
861,2016,seton hall,gonzaga,Denver, CO
862,2016,virginia,iowa state,Chicago, IL
863,2016,dayton,syracuse,St. Louis, MO
864,2016,texas,northern iowa,Oklahoma City, OK
865,2016,southern,holy cross,Dayton,OH
866,2016,wichita state,vanderbilt,Dayton,OH
867,2016,tulsa,michigan,Dayton,OH
868,2016,villanova,unc,Houston, TX
869,2016,syracuse,unc,Houston, TX
870,2016,utah,fresno state,Denver, CO
871,2016,villanova,oklahoma,Houston, TX
872,2016,gonzaga,syracuse,Chicago, IL
873,2016,syracuse,middle tennessee,St. Louis, MO
874,2016,gonzaga,utah,Denver, CO
875,2016,little rock,iowa state,Denver, CO
876,2016,virginia,butler,Raleigh, NC
877,2016,michigan state,middle tennessee,St. Louis, MO
878,2016,virginia,syracuse,Chicago, IL
879,2016,duke,unc wilmington,Providence, RI
880,2016,baylor,yale,Providence, RI
881,2016,st. joseph's,cincinnati,Spokane, WA
882,2016,unc,florida gulf coast,Raleigh, NC
883,2016,usc,providence,Raleigh, NC
884,2016,indiana,chattanooga,Des Moines, IA
885,2016,kentucky,stony brook,Des Moines, IA
886,2016,notre dame,michigan,Brooklyn, NY
887,2016,west virginia,stephen f. austin,Brooklyn, NY
888,2016,wisconsin,pitt,St. Louis, MO
889,2016,xavier,weber state,St. Louis, MO
890,2016,unc,providence,Raleigh, NC
891,2016,indiana,kentucky,Des Moines, IA
892,2016,notre dame,stephen f. austin,Brooklyn, NY
893,2016,wisconsin,xavier,St. Louis, MO
894,2016,unc,indiana,Philadelphia, PA
895,2016,notre dame,wisconsin,Philadelphia, PA
896,2016,unc,notre dame,Philadelphia, PA
897,2016,fairleigh dickinson,florida gulf coast,Dayton,OH
898,2016,colorado,uconn,Des Moines, IA
899,2016,kansas,austin peay,Des Moines, IA
900,2016,oregon,holy cross,Spokane, WA
901,2016,kansas,villanova,Louisville, KY
902,2016,miami (fl),villanova,Louisville, KY
903,2016,kansas,maryland,Louisville, KY
904,2016,wichita state,miami (fl),Providence, RI
905,2016,maryland,hawaii,Spokane, WA
906,2016,iowa,villanova,Brooklyn, NY
907,2016,villanova,unc asheville,Brooklyn, NY
908,2016,iowa,temple,Brooklyn, NY
909,2016,miami (fl),buffalo,Providence, RI
910,2016,arizona,wichita state,Providence, RI
911,2016,california,hawaii,Spokane, WA
912,2016,maryland,south dakota state,Spokane, WA
913,2016,kansas,uconn,Des Moines, IA
914,2017,unc,butler,Memphis, TN
915,2017,northwestern,vanderbilt,Salt Lake City, UT
916,2017,gonzaga,south dakota state,Salt Lake City, UT
917,2017,unc,kentucky,Memphis, TN
918,2017,ucla,kentucky,Memphis, TN
919,2017,wichita state,kentucky,Indianapolis, IN
920,2017,cincinnati,kansas state,Sacramento, CA
921,2017,middle tennessee,butler,Milwaukee, WI
922,2017,unc,arkansas,Greenville, SC
923,2017,kentucky,northern kentucky,Indianapolis, IN
924,2017,dayton,wichita state,Indianapolis, IN
925,2017,ucla,kent state,Sacramento, CA
926,2017,notre dame,princeton,Buffalo, NY
927,2017,cincinnati,ucla,Sacramento, CA
928,2017,west virginia,bucknell,Buffalo, NY
929,2017,saint mary's,arizona,Salt Lake City, UT
930,2017,florida state,florida gulf coast,Orlando, FL
931,2017,butler,winthrop,Milwaukee, WI
932,2017,uc-davis,north carolina central,Dayton,OH
933,2017,usc,providence,Dayton,OH
934,2017,unc,gonzaga,Glendale, AZ
935,2017,south carolina,gonzaga,Glendale, AZ
936,2017,oregon,unc,Glendale, AZ
937,2017,wake forest,kansas state,Dayton,OH
938,2017,gonzaga,xavier,San Jose, CA
939,2017,gonzaga,west virginia,San Jose, CA
940,2017,xavier,florida state,Orlando, FL
941,2017,notre dame,west virginia,Buffalo, NY
942,2017,gonzaga,northwestern,Salt Lake City, UT
943,2017,arizona,north dakota,Salt Lake City, UT
944,2017,saint mary's,vcu,Salt Lake City, UT
945,2017,xavier,arizona,San Jose, CA
946,2017,minnesota,middle tennessee,Milwaukee, WI
947,2017,maryland,xavier,Orlando, FL
948,2017,unc,texas southern,Greenville, SC
949,2017,new orleans,mount st. mary's,Dayton,OH
950,2017,villanova,mount st. mary's,Buffalo, NY
951,2017,wisconsin,virginia tech,Buffalo, NY
952,2017,virginia,unc wilmington,Orlando, FL
953,2017,florida,etsu,Orlando, FL
954,2017,smu,usc,Tulsa, OK
955,2017,baylor,new mexico state,Tulsa, OK
956,2017,south carolina,marquette,Greenville, SC
957,2017,villanova,wisconsin,Buffalo, NY
958,2017,virginia,florida,Orlando, FL
959,2017,usc,baylor,Tulsa, OK
960,2017,south carolina,duke,Greenville, SC
961,2017,wisconsin,florida,New York, NY
962,2017,baylor,south carolina,New York, NY
963,2017,florida,south carolina,New York, NY
964,2017,duke,troy,Greenville, SC
965,2017,miami (fl),michigan state,Tulsa, OK
966,2017,kansas,uc-davis,Tulsa, OK
967,2017,kansas,oregon,Kansas City, MO
968,2017,oregon,michigan,Kansas City, MO
969,2017,kansas,purdue,Kansas City, MO
970,2017,michigan,louisville,Indianapolis, IN
971,2017,rhode island,oregon,Sacramento, CA
972,2017,iowa state,purdue,Milwaukee, WI
973,2017,arkansas,seton hall,Greenville, SC
974,2017,louisville,jacksonville state,Indianapolis, IN
975,2017,michigan,oklahoma state,Indianapolis, IN
976,2017,oregon,iona,Sacramento, CA
977,2017,creighton,rhode island,Sacramento, CA
978,2017,purdue,vermont,Milwaukee, WI
979,2017,iowa state,nevada,Milwaukee, WI
980,2017,kansas,michigan state,Tulsa, OK
981,2018,kentucky,davidson,Boise, ID
982,2018,creighton,kansas state,Charlotte, NC
983,2018,virginia,umbc,Charlotte, NC
984,2018,florida state,michigan,Los Angeles, CA
985,2018,michigan,texas a&m,Los Angeles, CA
986,2018,florida state,gonzaga,Los Angeles, CA
987,2018,xavier,florida state,Nashville, TN
988,2018,houston,michigan,Wichita, KS
989,2018,ohio state,gonzaga,Boise, ID
990,2018,unc,lipscomb,Charlotte, NC
991,2018,texas a&m,providence,Charlotte, NC
992,2018,michigan,montana,Wichita, KS
993,2018,arizona,buffalo,Boise, ID
994,2018,texas a&m,unc,Charlotte, NC
995,2018,houston,san diego state,Wichita, KS
996,2018,texas southern,north carolina central,Dayton,OH
997,2018,nevada,texas,Nashville, TN
998,2018,gonzaga,unc greensboro,Boise, ID
999,2018,syracuse,arizona state,Dayton,OH
1000,2018,st. bonaventure,ucla,Dayton,OH
1001,2018,villanova,michigan,San Antonio, TX
1002,2018,loyola (il),michigan,San Antonio, TX
1003,2018,villanova,kansas,San Antonio, TX
1004,2018,tennessee,wright state,Dallas, TX
1005,2018,kansas state,loyola (il),Atlanta, GA
1006,2018,kansas state,kentucky,Atlanta, GA
1007,2018,nevada,cincinnati,Nashville, TN
1008,2018,loyola (il),tennessee,Dallas, TX
1009,2018,kentucky,buffalo,Boise, ID
1010,2018,umbc,kansas state,Charlotte, NC
1011,2018,cincinnati,georgia state,Nashville, TN
1012,2018,loyola (il),nevada,Atlanta, GA
1013,2018,ohio state,south dakota state,Boise, ID
1014,2018,miami (fl),loyola (il),Dallas, TX
1015,2018,xavier,texas southern,Nashville, TN
1016,2018,liu,radford,Dayton,OH
1017,2018,villanova,radford,Pittsburgh, PA
1018,2018,virginia tech,alabama,Pittsburgh, PA
1019,2018,west virginia,murray state,San Diego, CA
1020,2018,wichita state,marshall,San Diego, CA
1021,2018,florida,st. bonaventure,Dallas, TX
1022,2018,texas tech,stephen f. austin,Dallas, TX
1023,2018,arkansas,butler,Detroit, MI
1024,2018,missouri,florida state,Nashville, TN
1025,2018,villanova,alabama,Pittsburgh, PA
1026,2018,west virginia,marshall,San Diego, CA
1027,2018,florida,texas tech,Dallas, TX
1028,2018,butler,purdue,Detroit, MI
1029,2018,villanova,west virginia,Boston, MA
1030,2018,texas tech,purdue,Boston, MA
1031,2018,purdue,cal state fullerton,Detroit, MI
1032,2018,kansas,penn,Wichita, KS
1033,2018,villanova,texas tech,Boston, MA
1034,2018,syracuse,duke,Omaha, NE
1035,2018,kansas,clemson,Omaha, NE
1036,2018,rhode island,duke,Pittsburgh, PA
1037,2018,syracuse,michigan state,Detroit, MI
1038,2018,clemson,auburn,San Diego, CA
1039,2018,kansas,seton hall,Wichita, KS
1040,2018,kansas,duke,Omaha, NE
1041,2018,rhode island,oklahoma,Pittsburgh, PA
1042,2018,michigan state,bucknell,Detroit, MI
1043,2018,tcu,syracuse,Detroit, MI
1044,2018,auburn,college of charleston,San Diego, CA
1045,2018,clemson,new mexico state,San Diego, CA
1046,2018,seton hall,nc state,Wichita, KS
1047,2018,duke,iona,Pittsburgh, PA
1048,2019,ole miss,oklahoma,Columbia, SC
1049,2019,virginia,gardner-webb,Columbia, SC
1050,2019,auburn,kentucky,Kansas City, MO
1051,2019,houston,kentucky,Kansas City, MO
1052,2019,unc,auburn,Kansas City, MO
1053,2019,wofford,kentucky,Jacksonville, FL
1054,2019,unc,washington,Columbus, OH
1055,2019,auburn,kansas,Salt Lake City, UT
1056,2019,kentucky,abilene christian,Jacksonville, FL
1057,2019,wofford,seton hall,Jacksonville, FL
1058,2019,houston,georgia state,Tulsa, OK
1059,2019,iowa state,ohio state,Tulsa, OK
1060,2019,ohio state,houston,Tulsa, OK
1061,2019,wisconsin,oregon,San Jose, CA
1062,2019,temple,belmont,Dayton,OH
1063,2019,villanova,saint mary's,Hartford, CT
1064,2019,kansas,northeastern,Salt Lake City, UT
1065,2019,virginia,texas tech,Minneapolis, MN
1066,2019,texas tech,michigan state,Minneapolis, MN
1067,2019,virginia,auburn,Minneapolis, MN
1068,2019,virginia,purdue,Louisville, KY
1069,2019,purdue,tennessee,Louisville, KY
1070,2019,kansas state,uc-irvine,San Jose, CA
1071,2019,virginia,oregon,Louisville, KY
1072,2019,villanova,purdue,Hartford, CT
1073,2019,oregon,uc-irvine,San Jose, CA
1074,2019,virginia,oklahoma,Columbia, SC
1075,2019,tennessee,colgate,Columbus, OH
1076,2019,cincinnati,iowa,Columbus, OH
1077,2019,purdue,old dominion,Hartford, CT
1078,2019,iowa,tennessee,Columbus, OH
1079,2019,auburn,new mexico state,Salt Lake City, UT
1080,2019,gonzaga,fairleigh dickinson,Salt Lake City, UT
1081,2019,unc,iona,Columbus, OH
1082,2019,fairleigh dickinson,prairie view,Dayton,OH
1083,2019,north carolina central,north dakota state,Dayton,OH
1084,2019,duke,north dakota state,Columbia, SC
1085,2019,vcu,ucf,Columbia, SC
1086,2019,mississippi state,liberty,San Jose, CA
1087,2019,virginia tech,saint louis,San Jose, CA
1088,2019,maryland,belmont,Jacksonville, FL
1089,2019,lsu,yale,Jacksonville, FL
1090,2019,louisville,minnesota,Des Moines, IA
1091,2019,michigan state,bradley,Des Moines, IA
1092,2019,duke,ucf,Columbia, SC
1093,2019,liberty,virginia tech,San Jose, CA
1094,2019,maryland,lsu,Jacksonville, FL
1095,2019,minnesota,michigan state,Des Moines, IA
1096,2019,duke,virginia tech,Washington, DC
1097,2019,lsu,michigan state,Washington, DC
1098,2019,duke,michigan state,Washington, DC
1099,2019,gonzaga,texas tech,Anaheim, CA
1100,2019,texas tech,michigan,Anaheim, CA
1101,2019,gonzaga,florida state,Anaheim, CA
1102,2019,florida,michigan,Des Moines, IA
1103,2019,buffalo,texas tech,Tulsa, OK
1104,2019,murray state,florida state,Hartford, CT
1105,2019,utah state,washington,Columbus, OH
1106,2019,gonzaga,baylor,Salt Lake City, UT
1107,2019,nevada,florida,Des Moines, IA
1108,2019,texas tech,northern kentucky,Tulsa, OK
1109,2019,buffalo,arizona state,Tulsa, OK
1110,2019,florida state,vermont,Hartford, CT
1111,2019,marquette,murray state,Hartford, CT
1112,2019,syracuse,baylor,Salt Lake City, UT
1113,2019,michigan,montana,Des Moines, IA
1114,2019,st. john's (ny),arizona state,Dayton,OH
